customer_id,age,tenure,monthly_revenue,total_revenue,contract,payment_method,usage,support_tickets,satisfaction,churn
SYN-0001,36,41,799,32759,Month-to-month,Card,99,0,5,No
SYN-0002,23,48,799,38352,Month-to-month,UPI,80,1,7,No
SYN-0003,66,14,1299,18186,Annual,Wallet,76,0,4,No
SYN-0004,65,15,3999,59985,Quarterly,NetBanking,5,4,3,Yes
SYN-0005,26,18,1299,23382,Quarterly,UPI,48,3,2,No
SYN-0006,55,23,2499,57477,Month-to-month,Wallet,10,4,8,No
SYN-0007,66,6,2499,14994,Month-to-month,UPI,78,5,4,Yes
SYN-0008,27,43,1299,55857,Quarterly,NetBanking,15,4,4,Yes
SYN-0009,34,30,2499,74970,Annual,NetBanking,52,2,6,No
SYN-0010,31,45,799,35955,Quarterly,Wallet,73,2,4,No
SYN-0011,23,18,1299,23382,Quarterly,Wallet,12,5,4,Yes
SYN-0012,34,18,799,14382,Annual,Wallet,77,3,6,No
SYN-0013,36,26,3999,103974,Annual,NetBanking,38,2,3,No
SYN-0014,29,48,3999,191952,Annual,Wallet,51,6,4,No
SYN-0015,64,6,799,4794,Quarterly,UPI,24,1,3,Yes
SYN-0016,56,25,3999,99975,Month-to-month,UPI,72,7,5,No
SYN-0017,48,44,2499,109956,Month-to-month,Wallet,19,5,5,No
SYN-0018,61,1,,2499,Quarterly,Card,69,2,2,No
SYN-0019,21,10,2499,24990,Annual,NetBanking,74,2,9,No
SYN-0020,36,32,799,25568,Month-to-month,Card,51,1,5,No
SYN-0021,25,57,799,45543,Annual,Card,98,1,8,No
SYN-0022,59,9,3999,35991,Quarterly,Card,38,2,9,No
SYN-0023,49,60,1299,77940,Annual,Wallet,56,4,6,No
SYN-0024,22,8,1299,10392,Annual,Card,13,3,6,No
SYN-0025,35,38,1299,49362,Month-to-month,UPI,14,0,1,Yes
SYN-0026,38,56,2499,139944,Annual,Wallet,70,1,4,No
SYN-0027,47,14,1299,18186,Month-to-month,UPI,36,7,8,No
SYN-0028,50,7,3999,27993,Annual,UPI,59,5,7,Yes
SYN-0029,27,44,799,35156,Month-to-month,Card,56,0,6,No
SYN-0030,38,13,3999,51987,Quarterly,Card,59,2,3,No
SYN-0031,24,56,799,44744,Annual,UPI,75,7,2,No
SYN-0032,51,6,1299,7794,Month-to-month,Wallet,57,2,8,No
SYN-0033,45,58,799,46342,Quarterly,Wallet,53,2,1,No
SYN-0034,39,19,3999,75981,Month-to-month,UPI,24,7,4,Yes
SYN-0035,58,38,799,30362,Quarterly,Card,12,5,1,Yes
SYN-0036,25,4,799,3196,Annual,Card,13,2,10,No
SYN-0037,23,26,799,20774,Annual,UPI,79,3,10,No
SYN-0038,36,27,2499,67473,Quarterly,Wallet,31,4,6,No
SYN-0039,21,9,2499,22491,Quarterly,UPI,45,7,2,No
SYN-0040,25,5,1299,6495,Month-to-month,NetBanking,21,4,6,Yes
SYN-0041,60,19,1299,24681,Annual,UPI,74,7,5,No
SYN-0042,28,43,2499,107457,Month-to-month,Card,22,1,5,No
SYN-0043,34,18,2499,44982,Annual,NetBanking,96,3,6,No
SYN-0044,61,33,3999,131967,Quarterly,NetBanking,11,4,2,Yes
SYN-0045,31,3,799,2397,Annual,Wallet,21,5,5,Yes
SYN-0046,65,36,3999,143964,Month-to-month,UPI,19,0,2,Yes
SYN-0047,23,54,2499,134946,Quarterly,NetBanking,60,2,3,No
SYN-0048,63,58,799,46342,Month-to-month,NetBanking,31,5,4,No
SYN-0049,32,50,3999,199950,Quarterly,UPI,35,2,3,No
SYN-0050,38,12,2499,29988,Month-to-month,UPI,90,6,4,No
SYN-0051,50,25,799,19975,Quarterly,NetBanking,33,7,4,No
SYN-0052,46,53,1299,68847,Quarterly,NetBanking,8,3,4,Yes
SYN-0053,46,56,799,44744,Annual,NetBanking,49,4,9,No
SYN-0054,37,2,799,1598,Month-to-month,UPI,27,4,10,Yes
SYN-0055,48,39,3999,155961,Annual,UPI,98,5,6,No
SYN-0056,21,25,1299,32475,Annual,Card,10,4,7,No
SYN-0057,60,24,3999,95976,Quarterly,UPI,90,1,6,No
SYN-0058,41,47,2499,117453,Quarterly,NetBanking,90,4,7,No
SYN-0059,64,36,1299,46764,Annual,Card,58,3,7,No
SYN-0060,40,40,2499,99960,Quarterly,Card,75,6,1,No
SYN-0061,64,28,2499,69972,Month-to-month,Wallet,61,7,8,No
SYN-0062,63,51,1299,66249,Annual,NetBanking,41,1,9,No
SYN-0063,30,6,1299,7794,Month-to-month,UPI,33,4,4,Yes
SYN-0064,61,16,3999,63984,Annual,Card,63,1,7,No
SYN-0065,30,46,3999,183954,Annual,UPI,56,7,4,No
SYN-0066,65,58,799,46342,Annual,Wallet,33,6,3,No
SYN-0067,50,4,1299,5196,Annual,NetBanking,63,1,3,No
SYN-0068,31,49,3999,195951,Annual,Wallet,75,6,8,No
SYN-0069,54,29,2499,72471,Quarterly,Card,86,3,5,No
SYN-0070,36,18,3999,71982,Quarterly,NetBanking,96,1,5,No
SYN-0071,45,21,799,16779,Annual,Card,24,2,4,Yes
SYN-0072,42,46,1299,59754,Annual,Wallet,58,1,7,No
SYN-0073,58,27,799,21573,Annual,UPI,58,3,7,No
SYN-0074,40,55,3999,219945,Quarterly,Wallet,5,7,6,No
SYN-0075,48,35,1299,45465,Quarterly,UPI,33,7,5,No
SYN-0076,50,25,2499,62475,Month-to-month,UPI,97,6,3,No
SYN-0077,29,59,3999,235941,Quarterly,Card,15,0,7,No
SYN-0078,50,4,2499,9996,Quarterly,NetBanking,46,6,4,Yes
SYN-0079,26,49,3999,195951,Quarterly,UPI,58,4,5,No
SYN-0080,62,48,799,38352,Month-to-month,UPI,33,5,2,No
SYN-0081,36,16,1299,20784,Month-to-month,Wallet,84,0,3,No
SYN-0082,44,43,799,34357,Month-to-month,UPI,64,3,5,No
SYN-0083,22,50,1299,64950,Quarterly,Wallet,18,4,10,No
SYN-0084,27,26,1299,33774,Annual,NetBanking,80,1,4,No
SYN-0085,48,55,799,43945,Annual,NetBanking,49,0,9,No
SYN-0086,27,5,2499,12495,Quarterly,NetBanking,58,0,8,No
SYN-0087,67,41,3999,163959,Annual,NetBanking,60,2,3,No
SYN-0088,38,40,3999,159960,Quarterly,Card,60,7,10,No
SYN-0089,50,54,799,43146,Annual,Wallet,62,4,4,No
SYN-0090,52,22,799,17578,Month-to-month,NetBanking,46,7,3,No
SYN-0091,65,52,2499,129948,Quarterly,UPI,40,5,10,No
SYN-0092,52,34,1299,44166,Annual,Card,35,1,7,No
SYN-0093,26,45,3999,179955,Quarterly,Card,62,7,1,No
SYN-0094,44,26,1299,33774,Quarterly,NetBanking,89,4,10,No
SYN-0095,38,28,2499,69972,Quarterly,NetBanking,94,5,8,No
SYN-0096,68,15,799,11985,Annual,Card,45,3,2,No
SYN-0097,54,13,1299,16887,Annual,NetBanking,40,7,10,No
SYN-0098,32,7,1299,9093,Quarterly,UPI,34,4,6,Yes
SYN-0099,56,46,1299,59754,Quarterly,Card,10,4,1,Yes
SYN-0100,39,41,3999,163959,Quarterly,Wallet,6,1,10,No
SYN-0101,51,29,2499,72471,Month-to-month,UPI,11,2,5,No
SYN-0102,30,26,3999,103974,Month-to-month,NetBanking,78,1,1,No
SYN-0103,59,6,1299,7794,Annual,Card,76,1,7,No
SYN-0104,58,50,3999,199950,Quarterly,NetBanking,61,7,5,No
SYN-0105,37,37,799,29563,Annual,UPI,31,1,4,No
SYN-0106,31,11,1299,14289,Month-to-month,Wallet,75,2,2,No
SYN-0107,39,29,3999,115971,Annual,NetBanking,9,4,4,Yes
SYN-0108,37,45,3999,179955,Annual,Card,92,1,4,No
SYN-0109,38,28,799,22372,Month-to-month,UPI,87,3,3,No
SYN-0110,39,4,1299,5196,Quarterly,UPI,81,4,10,Yes
SYN-0111,55,30,2499,74970,Quarterly,Wallet,39,6,9,No
SYN-0112,59,6,799,4794,Quarterly,UPI,99,6,6,Yes
SYN-0113,57,6,1299,7794,Month-to-month,Card,91,0,5,No
SYN-0114,48,31,3999,123969,Annual,Wallet,28,4,10,No
SYN-0115,41,6,3999,23994,Annual,UPI,57,5,6,Yes
SYN-0116,39,55,1299,71445,Annual,Wallet,57,5,8,No
SYN-0117,37,53,799,42347,Quarterly,UPI,16,7,6,No
SYN-0118,50,50,3999,199950,Quarterly,UPI,89,0,9,No
SYN-0119,24,13,2499,32487,Month-to-month,NetBanking,85,7,8,No
SYN-0120,28,36,1299,46764,Month-to-month,Card,61,4,8,No
SYN-0121,56,46,1299,59754,Quarterly,UPI,75,4,1,No
SYN-0122,52,15,799,11985,Annual,NetBanking,20,7,3,Yes
SYN-0123,36,33,2499,82467,Quarterly,Card,66,6,8,No
SYN-0124,47,25,1299,32475,Quarterly,NetBanking,13,2,5,No
SYN-0125,58,53,799,42347,Annual,Wallet,97,4,5,No
SYN-0126,43,56,1299,72744,Quarterly,Wallet,73,7,8,No
SYN-0127,57,30,2499,74970,Quarterly,Card,94,3,4,No
SYN-0128,66,55,3999,219945,Quarterly,Wallet,45,0,8,No
SYN-0129,53,43,1299,55857,Annual,NetBanking,9,7,3,Yes
SYN-0130,50,56,799,44744,Month-to-month,Card,17,7,9,No
SYN-0131,42,27,1299,35073,Annual,Wallet,65,1,5,No
SYN-0132,45,42,799,33558,Quarterly,Wallet,91,5,9,No
SYN-0133,35,56,799,44744,Annual,UPI,35,1,5,No
SYN-0134,65,28,799,22372,Quarterly,UPI,61,1,3,No
SYN-0135,44,3,2499,7497,Quarterly,Card,42,0,6,No
SYN-0136,26,16,3999,63984,Annual,Wallet,26,2,3,No
SYN-0137,35,40,1299,51960,Quarterly,NetBanking,79,7,3,No
SYN-0138,64,30,2499,74970,Annual,Card,64,0,5,No
SYN-0139,61,5,3999,19995,Quarterly,NetBanking,80,5,5,Yes
SYN-0140,27,30,2499,74970,Month-to-month,Wallet,54,3,8,No
SYN-0141,22,37,2499,92463,Annual,Wallet,94,4,5,No
SYN-0142,39,18,799,14382,Month-to-month,NetBanking,82,0,8,No
SYN-0143,61,15,1299,19485,Month-to-month,UPI,91,4,3,No
SYN-0144,67,20,3999,79980,Month-to-month,UPI,79,0,6,No
SYN-0145,32,59,2499,147441,Month-to-month,Card,100,5,7,No
SYN-0146,51,51,2499,127449,Quarterly,NetBanking,26,4,5,No
SYN-0147,35,52,799,41548,Annual,Wallet,14,7,3,Yes
SYN-0148,37,55,2499,137445,Annual,UPI,55,1,1,No
SYN-0149,61,30,2499,74970,Quarterly,UPI,79,4,7,No
SYN-0150,56,44,1299,57156,Quarterly,Card,8,7,10,No
SYN-0151,62,42,799,33558,Quarterly,UPI,94,7,5,No
SYN-0152,28,9,799,7191,Month-to-month,Card,43,0,8,No
SYN-0153,63,57,1299,74043,Annual,Wallet,63,6,6,No
SYN-0154,52,38,1299,49362,Annual,Wallet,88,6,2,No
SYN-0155,49,18,799,14382,Month-to-month,NetBanking,32,5,8,No
SYN-0156,38,7,2499,17493,Month-to-month,UPI,12,5,7,Yes
SYN-0157,62,55,3999,219945,Annual,UPI,89,1,4,No
SYN-0158,34,4,2499,9996,Month-to-month,Card,21,3,10,No
SYN-0159,59,38,1299,49362,Month-to-month,NetBanking,47,3,3,No
SYN-0160,32,55,1299,71445,Month-to-month,UPI,74,2,5,No
SYN-0161,41,9,799,7191,Month-to-month,Card,35,5,10,No
SYN-0162,54,17,799,13583,Month-to-month,UPI,99,2,7,No
SYN-0163,27,31,3999,123969,Quarterly,Card,70,5,10,No
SYN-0164,24,40,799,31960,Quarterly,Wallet,63,4,1,No
SYN-0165,25,28,799,22372,Month-to-month,NetBanking,96,7,8,No
SYN-0166,60,39,1299,50661,Annual,NetBanking,21,1,5,No
SYN-0167,48,25,2499,62475,Month-to-month,UPI,69,7,10,No
SYN-0168,47,55,1299,71445,Quarterly,Wallet,62,6,4,No
SYN-0169,41,26,3999,103974,Annual,NetBanking,45,1,7,No
SYN-0170,26,24,1299,31176,Month-to-month,Wallet,13,7,2,Yes
SYN-0171,58,7,2499,17493,Annual,NetBanking,76,2,1,No
SYN-0172,67,43,799,34357,Month-to-month,NetBanking,50,6,7,No
SYN-0173,53,39,2499,97461,Month-to-month,Card,18,5,10,No
SYN-0174,56,43,3999,171957,Quarterly,UPI,18,3,6,No
SYN-0175,60,49,2499,122451,Annual,UPI,59,3,9,No
SYN-0176,65,39,2499,97461,Quarterly,NetBanking,28,0,5,No
SYN-0177,63,23,799,18377,Quarterly,UPI,23,2,10,No
SYN-0178,34,10,799,7990,Quarterly,Wallet,100,1,9,No
SYN-0179,67,30,2499,74970,Quarterly,UPI,52,2,5,No
SYN-0180,24,57,799,45543,Annual,UPI,25,2,10,No
SYN-0181,49,18,3999,71982,Quarterly,NetBanking,67,6,10,No
SYN-0182,39,14,799,11186,Annual,Wallet,60,5,2,No
SYN-0183,59,34,2499,84966,Month-to-month,UPI,33,0,7,No
SYN-0184,39,14,2499,34986,Quarterly,UPI,22,3,5,No
SYN-0185,45,1,3999,3999,Annual,Card,27,6,3,Yes
SYN-0186,48,33,2499,82467,Month-to-month,Wallet,55,1,1,No
SYN-0187,57,59,799,47141,Quarterly,Wallet,78,5,7,No
SYN-0188,31,19,799,15181,Annual,Wallet,7,6,6,No
SYN-0189,36,54,2499,134946,Quarterly,Wallet,60,1,2,No
SYN-0190,35,34,799,27166,Quarterly,Card,44,6,6,No
SYN-0191,67,5,799,3995,Annual,Card,49,3,6,No
SYN-0192,32,16,799,12784,Annual,Card,37,2,4,No
SYN-0193,50,49,799,39151,Annual,Wallet,85,2,8,No
SYN-0194,25,44,2499,109956,Quarterly,Wallet,24,5,8,No
SYN-0195,43,41,2499,102459,Annual,UPI,80,4,1,No
SYN-0196,44,20,3999,79980,Quarterly,UPI,9,7,1,Yes
SYN-0197,56,42,799,33558,Annual,UPI,64,6,10,No
SYN-0198,53,29,1299,37671,Month-to-month,UPI,82,5,8,No
SYN-0199,53,29,799,23171,Annual,Card,96,5,2,No
SYN-0200,54,3,1299,3897,Annual,Card,61,7,9,Yes
SYN-0201,42,24,2499,59976,Annual,UPI,54,4,7,No
SYN-0202,56,51,2499,127449,Annual,Wallet,47,1,2,No
SYN-0203,58,19,2499,47481,Annual,Card,47,2,2,No
SYN-0204,29,59,2499,147441,Annual,UPI,88,4,,No
SYN-0205,26,20,3999,79980,Annual,Wallet,21,5,9,No
SYN-0206,32,33,2499,82467,Month-to-month,NetBanking,51,0,5,No
SYN-0207,30,50,3999,199950,Month-to-month,NetBanking,33,3,3,No
SYN-0208,60,55,799,43945,Month-to-month,Wallet,89,0,6,No
SYN-0209,31,10,1299,12990,Annual,Wallet,93,2,10,No
SYN-0210,49,3,3999,11997,Annual,NetBanking,91,5,4,Yes
SYN-0211,40,49,3999,195951,Quarterly,Card,73,3,4,No
SYN-0212,53,24,3999,95976,Annual,Wallet,41,7,7,No
SYN-0213,62,11,1299,14289,Quarterly,NetBanking,37,2,1,No
SYN-0214,31,36,799,28764,Quarterly,Wallet,41,1,2,No
SYN-0215,49,58,1299,75342,Quarterly,UPI,16,6,4,Yes
SYN-0216,36,27,799,21573,Quarterly,UPI,69,6,6,No
SYN-0217,66,24,1299,31176,Annual,NetBanking,45,0,2,No
SYN-0218,51,51,1299,66249,Annual,Card,9,2,5,No
SYN-0219,26,49,3999,195951,Month-to-month,NetBanking,83,7,1,No
SYN-0220,36,14,1299,18186,Quarterly,UPI,19,6,5,No
SYN-0221,50,4,1299,5196,Month-to-month,UPI,86,6,10,Yes
SYN-0222,57,54,3999,215946,Month-to-month,Card,85,0,9,No
SYN-0223,36,19,3999,75981,Annual,Wallet,83,0,6,No
SYN-0224,55,12,799,9588,Annual,UPI,13,5,9,No
SYN-0225,44,25,3999,99975,Quarterly,UPI,86,0,7,No
SYN-0226,58,23,799,18377,Annual,NetBanking,35,5,2,No
SYN-0227,62,9,799,7191,Month-to-month,Wallet,74,5,6,No
SYN-0228,66,45,3999,179955,Quarterly,UPI,22,2,2,Yes
SYN-0229,41,19,1299,24681,Quarterly,Wallet,30,0,1,No
SYN-0230,39,53,3999,211947,Quarterly,UPI,9,4,4,Yes
SYN-0231,48,56,2499,139944,Quarterly,Wallet,20,4,6,No
SYN-0232,65,58,3999,231942,Quarterly,NetBanking,28,5,8,No
SYN-0233,26,60,2499,149940,Quarterly,Card,98,1,7,No
SYN-0234,41,35,2499,87465,Annual,NetBanking,18,5,2,Yes
SYN-0235,43,20,3999,79980,Quarterly,UPI,26,6,8,No
SYN-0236,25,47,2499,117453,Annual,Wallet,40,6,1,No
SYN-0237,64,24,1299,31176,Quarterly,UPI,23,0,10,No
SYN-0238,44,9,799,7191,Quarterly,UPI,87,3,6,No
SYN-0239,49,39,1299,50661,Month-to-month,Card,52,7,6,No
SYN-0240,36,34,2499,84966,Month-to-month,UPI,45,6,5,No
SYN-0241,56,48,1299,62352,Month-to-month,NetBanking,71,7,7,No
SYN-0242,39,50,2499,124950,Annual,Wallet,32,7,10,No
SYN-0243,32,13,799,10387,Annual,Wallet,14,2,8,No
SYN-0244,56,6,2499,14994,Annual,NetBanking,95,5,2,Yes
SYN-0245,44,58,2499,144942,Annual,Card,96,2,3,No
SYN-0246,22,8,1299,10392,Quarterly,NetBanking,35,2,8,No
SYN-0247,46,30,1299,38970,Annual,Wallet,13,1,5,No
SYN-0248,29,34,3999,135966,Quarterly,UPI,78,6,2,No
SYN-0249,61,29,3999,115971,Annual,Card,21,5,9,No
SYN-0250,28,50,1299,64950,Annual,Card,69,6,1,No
SYN-0251,43,20,1299,25980,Annual,NetBanking,46,2,4,No
SYN-0252,38,55,799,43945,Month-to-month,NetBanking,30,4,9,No
SYN-0253,30,40,799,31960,Month-to-month,NetBanking,80,2,10,No
SYN-0254,62,54,799,43146,Annual,NetBanking,15,0,1,Yes
SYN-0255,52,42,1299,54558,Annual,NetBanking,84,6,1,No
SYN-0256,40,42,2499,104958,Quarterly,UPI,36,7,7,No
SYN-0257,51,45,799,35955,Quarterly,Card,61,2,7,No
SYN-0258,67,22,1299,28578,Quarterly,Wallet,96,5,6,No
SYN-0259,50,9,2499,22491,Month-to-month,NetBanking,45,1,4,No
SYN-0260,39,29,1299,37671,Quarterly,Wallet,17,2,1,Yes
SYN-0261,33,16,1299,20784,Month-to-month,Wallet,78,5,6,No
SYN-0262,22,33,3999,131967,Month-to-month,Wallet,44,7,8,No
SYN-0263,43,33,3999,131967,Month-to-month,UPI,32,3,10,No
SYN-0264,21,19,3999,75981,Month-to-month,Wallet,41,7,9,No
SYN-0265,23,9,2499,22491,Quarterly,UPI,56,5,6,No
SYN-0266,25,37,1299,48063,Quarterly,Wallet,75,5,5,No
SYN-0267,46,49,2499,122451,Quarterly,NetBanking,21,1,2,Yes
SYN-0268,53,36,2499,89964,Quarterly,UPI,30,2,10,No
SYN-0269,51,3,799,2397,Annual,Wallet,96,2,6,No
SYN-0270,31,10,1299,12990,Quarterly,NetBanking,83,5,6,No
SYN-0271,40,38,2499,94962,Quarterly,UPI,95,7,10,No
SYN-0272,40,24,2499,59976,Annual,UPI,58,1,10,No
SYN-0273,57,39,3999,155961,Month-to-month,UPI,88,4,10,No
SYN-0274,45,38,3999,151962,Month-to-month,Card,72,2,10,No
SYN-0275,41,3,799,2397,Quarterly,Card,7,3,8,No
SYN-0276,51,27,1299,35073,Annual,UPI,69,6,10,No
SYN-0277,63,46,1299,59754,Quarterly,Wallet,76,3,6,No
SYN-0278,55,21,1299,27279,Quarterly,NetBanking,73,7,6,No
SYN-0279,56,40,3999,159960,Quarterly,Card,36,3,5,No
SYN-0280,41,20,2499,49980,Quarterly,NetBanking,93,3,8,No
SYN-0281,64,36,2499,89964,Annual,Wallet,20,4,10,No
SYN-0282,23,58,3999,231942,Quarterly,UPI,23,5,5,No
SYN-0283,34,23,3999,91977,Month-to-month,NetBanking,100,4,8,No
SYN-0284,68,60,2499,149940,Annual,Card,18,2,10,No
SYN-0285,24,16,799,12784,Month-to-month,Wallet,86,3,4,No
SYN-0286,21,22,3999,87978,Annual,Card,92,1,3,No
SYN-0287,39,27,3999,107973,Quarterly,NetBanking,88,7,4,No
SYN-0288,35,42,799,33558,Annual,UPI,88,1,10,No
SYN-0289,46,59,1299,76641,Quarterly,Card,27,6,1,No
SYN-0290,57,60,2499,149940,Annual,UPI,6,0,5,No
SYN-0291,54,60,2499,149940,Quarterly,Card,63,4,9,No
SYN-0292,42,55,3999,219945,Month-to-month,Wallet,29,4,2,No
SYN-0293,39,42,2499,104958,Annual,Card,6,2,6,No
SYN-0294,26,12,3999,47988,Quarterly,UPI,70,6,6,No
SYN-0295,21,12,1299,15588,Quarterly,Wallet,46,7,4,No
SYN-0296,58,16,3999,63984,Annual,UPI,47,4,5,No
SYN-0297,50,17,2499,42483,Quarterly,Card,12,3,2,Yes
SYN-0298,44,26,2499,64974,Annual,Card,86,1,5,No
SYN-0299,68,15,1299,19485,Annual,NetBanking,24,7,8,No
SYN-0300,26,27,3999,107973,Annual,Wallet,36,3,10,No
SYN-0301,24,34,2499,84966,Annual,Card,77,1,2,No
SYN-0302,49,37,1299,48063,Month-to-month,Card,46,2,9,No
SYN-0303,24,46,3999,183954,Quarterly,Card,70,1,8,No
SYN-0304,56,33,3999,131967,Quarterly,NetBanking,77,7,1,No
SYN-0305,68,47,799,37553,Month-to-month,UPI,37,6,1,No
SYN-0306,55,3,3999,11997,Month-to-month,UPI,94,5,2,Yes
SYN-0307,32,60,3999,239940,Month-to-month,Wallet,41,0,7,No
SYN-0308,26,24,3999,95976,Annual,Card,53,7,7,No
SYN-0309,46,42,2499,104958,Annual,Card,27,1,9,No
SYN-0310,50,47,1299,61053,Annual,Wallet,7,0,5,No
SYN-0311,43,35,3999,139965,Month-to-month,NetBanking,36,3,8,No
SYN-0312,60,13,799,10387,Month-to-month,Card,89,0,7,No
SYN-0313,49,14,799,11186,Annual,UPI,81,1,1,No
SYN-0314,55,16,799,12784,Month-to-month,UPI,61,6,4,No
SYN-0315,41,9,2499,22491,Annual,NetBanking,98,3,10,No
SYN-0316,35,16,2499,39984,Quarterly,NetBanking,89,2,9,No
SYN-0317,56,18,799,14382,Quarterly,UPI,85,2,7,No
SYN-0318,47,23,3999,91977,Month-to-month,NetBanking,94,5,7,No
SYN-0319,40,25,1299,32475,Annual,Card,35,7,4,No
SYN-0320,47,52,3999,207948,Annual,Card,76,0,7,No
SYN-0321,62,25,1299,32475,Month-to-month,Wallet,31,4,6,No
SYN-0322,24,55,2499,137445,Quarterly,Wallet,73,1,4,No
SYN-0323,67,44,799,35156,Annual,Card,29,1,10,No
SYN-0324,34,31,1299,40269,Month-to-month,UPI,43,5,1,No
SYN-0325,66,48,3999,191952,Month-to-month,Wallet,94,3,10,No
SYN-0326,50,59,1299,76641,Annual,NetBanking,41,5,7,No
SYN-0327,50,20,2499,49980,Month-to-month,Wallet,70,5,8,No
SYN-0328,47,49,2499,122451,Month-to-month,Card,52,3,6,No
SYN-0329,58,48,1299,62352,Annual,Wallet,38,0,9,No
SYN-0330,45,19,1299,24681,Annual,Card,47,3,4,No
SYN-0331,50,32,2499,79968,Month-to-month,NetBanking,67,4,8,No
SYN-0332,62,11,1299,14289,Month-to-month,UPI,28,7,9,No
SYN-0333,29,54,799,43146,Annual,Card,5,0,7,No
SYN-0334,50,5,1299,6495,Quarterly,UPI,32,0,9,No
SYN-0335,55,40,3999,159960,Annual,Wallet,7,7,1,Yes
SYN-0336,22,1,799,799,Annual,Wallet,73,4,5,Yes
SYN-0337,30,52,1299,67548,Month-to-month,Card,17,1,9,No
SYN-0338,26,40,2499,99960,Quarterly,Wallet,39,5,7,No
SYN-0339,62,30,1299,38970,Annual,UPI,43,3,2,No
SYN-0340,51,6,3999,23994,Month-to-month,UPI,53,6,9,Yes
SYN-0341,62,45,1299,58455,Quarterly,UPI,68,1,7,No
SYN-0342,51,58,799,46342,Quarterly,UPI,32,3,10,No
SYN-0343,63,60,799,47940,Month-to-month,Card,74,4,10,No
SYN-0344,30,60,2499,149940,Annual,Wallet,31,0,10,No
SYN-0345,36,60,799,47940,Annual,Wallet,25,4,10,No
SYN-0346,65,44,2499,109956,Annual,UPI,99,6,3,No
SYN-0347,35,33,2499,82467,Month-to-month,NetBanking,17,0,7,No
SYN-0348,49,39,3999,155961,Quarterly,Card,8,5,5,No
SYN-0349,63,23,3999,91977,Quarterly,UPI,28,6,10,No
SYN-0350,26,50,2499,124950,Quarterly,Card,96,3,2,No
SYN-0351,27,25,1299,32475,Month-to-month,UPI,45,6,6,No
SYN-0352,29,20,3999,79980,Month-to-month,Card,39,5,2,No
SYN-0353,26,28,3999,111972,Quarterly,UPI,18,6,1,Yes
SYN-0354,47,39,2499,97461,Quarterly,UPI,6,6,5,No
SYN-0355,31,47,1299,61053,Month-to-month,NetBanking,92,2,7,No
SYN-0356,31,20,2499,49980,Quarterly,NetBanking,23,7,2,Yes
SYN-0357,37,27,2499,67473,Month-to-month,Wallet,14,7,6,No
SYN-0358,40,39,1299,50661,Month-to-month,Wallet,18,7,3,Yes
SYN-0359,48,22,3999,87978,Annual,Card,61,5,6,No
SYN-0360,32,20,2499,49980,Quarterly,NetBanking,66,3,6,No
SYN-0361,38,19,3999,75981,Quarterly,NetBanking,46,3,7,No
SYN-0362,22,8,1299,10392,Annual,Wallet,92,2,9,No
SYN-0363,47,46,1299,59754,Annual,Wallet,42,7,2,No
SYN-0364,66,9,2499,22491,Quarterly,Wallet,37,3,3,No
SYN-0365,55,5,3999,19995,Annual,Wallet,79,7,7,Yes
SYN-0366,59,35,799,27965,Annual,UPI,94,5,9,No
SYN-0367,23,7,1299,9093,Annual,Wallet,26,5,10,Yes
SYN-0368,27,49,2499,122451,Quarterly,Card,18,6,1,Yes
SYN-0369,50,33,1299,42867,Annual,Card,52,7,7,No
SYN-0370,47,23,799,18377,Month-to-month,UPI,18,7,5,No
SYN-0371,50,54,1299,70146,Month-to-month,Wallet,44,5,6,No
SYN-0372,41,23,3999,91977,Month-to-month,NetBanking,61,1,8,No
SYN-0373,64,3,799,2397,Month-to-month,Card,48,0,2,No
SYN-0374,48,34,1299,44166,Quarterly,Card,47,2,9,No
SYN-0375,46,52,3999,207948,Month-to-month,Card,28,2,7,No
SYN-0376,34,29,3999,115971,Quarterly,UPI,5,6,4,Yes
SYN-0377,33,37,799,29563,Quarterly,UPI,51,2,6,No
SYN-0378,60,17,3999,67983,Quarterly,UPI,81,5,7,No
SYN-0379,64,23,2499,57477,Annual,NetBanking,84,7,3,No
SYN-0380,36,59,799,47141,Quarterly,UPI,45,2,2,No
SYN-0381,47,12,2499,29988,Annual,Card,70,2,7,No
SYN-0382,61,37,3999,147963,Annual,Card,28,6,8,No
SYN-0383,32,36,1299,46764,Quarterly,Wallet,41,7,3,No
SYN-0384,29,40,799,31960,Month-to-month,Wallet,6,5,8,No
SYN-0385,47,36,3999,143964,Annual,Wallet,92,6,8,No
SYN-0386,35,32,1299,41568,Quarterly,UPI,77,1,1,No
SYN-0387,57,18,1299,23382,Annual,Wallet,26,4,8,No
SYN-0388,44,36,799,28764,Annual,UPI,39,1,9,No
SYN-0389,68,49,3999,195951,Annual,Card,59,3,2,No
SYN-0390,26,20,799,15980,Quarterly,UPI,38,7,6,No
SYN-0391,65,50,1299,64950,Quarterly,Wallet,99,3,10,No
SYN-0392,57,11,1299,14289,Quarterly,NetBanking,31,3,1,No
SYN-0393,39,39,1299,50661,Annual,NetBanking,95,5,5,No
SYN-0394,38,55,799,43945,Annual,Card,57,2,1,No
SYN-0395,36,45,1299,58455,Annual,Wallet,23,3,6,No
SYN-0396,45,32,1299,41568,Quarterly,UPI,85,4,7,No
SYN-0397,65,41,799,32759,Quarterly,Wallet,70,6,5,No
SYN-0398,67,32,2499,79968,Quarterly,NetBanking,98,0,2,No
SYN-0399,34,55,799,43945,Quarterly,NetBanking,32,6,7,No
SYN-0400,29,21,2499,52479,Annual,Wallet,75,5,10,No
SYN-0401,61,51,2499,127449,Quarterly,UPI,10,0,2,Yes
SYN-0402,48,8,1299,10392,Month-to-month,Card,63,7,1,No
SYN-0403,62,57,2499,142443,Quarterly,NetBanking,40,2,2,No
SYN-0404,61,6,2499,14994,Quarterly,Card,11,2,7,No
SYN-0405,51,28,799,22372,Month-to-month,Card,5,1,4,Yes
SYN-0406,65,38,1299,49362,Quarterly,UPI,6,7,1,Yes
SYN-0407,35,56,3999,223944,Quarterly,UPI,66,2,2,No
SYN-0408,40,47,799,37553,Month-to-month,Wallet,45,1,6,No
SYN-0409,57,50,1299,64950,Month-to-month,Card,13,2,9,No
SYN-0410,47,29,2499,72471,Annual,Wallet,85,3,3,No
SYN-0411,28,56,1299,72744,Annual,Wallet,17,1,3,Yes
SYN-0412,38,23,3999,91977,Annual,UPI,22,5,4,Yes
SYN-0413,34,16,2499,39984,Annual,Card,89,0,5,No
SYN-0414,36,48,3999,191952,Quarterly,Wallet,87,4,1,No
SYN-0415,25,8,1299,10392,Annual,UPI,86,7,10,No
SYN-0416,47,24,2499,59976,Quarterly,Card,54,2,10,No
SYN-0417,25,49,3999,195951,Month-to-month,NetBanking,7,1,10,No
SYN-0418,39,14,799,11186,Annual,Wallet,55,0,9,No
SYN-0419,55,28,3999,111972,Annual,Card,86,1,9,No
SYN-0420,34,18,799,14382,Month-to-month,NetBanking,15,4,9,No
SYN-0421,67,26,799,20774,Month-to-month,UPI,94,4,7,No
SYN-0422,60,16,799,12784,Annual,UPI,19,6,8,No
SYN-0423,65,20,1299,25980,Month-to-month,Card,6,1,3,Yes
SYN-0424,29,32,2499,79968,Annual,NetBanking,26,4,6,No
SYN-0425,38,47,799,37553,Annual,UPI,47,0,7,No
SYN-0426,44,17,799,13583,Month-to-month,Wallet,63,7,9,No
SYN-0427,27,55,1299,71445,Annual,UPI,25,5,5,No
SYN-0428,23,15,799,11985,Quarterly,NetBanking,6,0,4,Yes
SYN-0429,66,25,1299,32475,Annual,Wallet,9,2,9,No
SYN-0430,38,15,2499,37485,Month-to-month,NetBanking,58,3,6,No
SYN-0431,23,8,799,6392,Quarterly,UPI,33,2,9,No
SYN-0432,26,57,3999,227943,Annual,Wallet,44,4,6,No
SYN-0433,40,1,2499,2499,Annual,Card,42,3,10,No
SYN-0434,36,30,2499,74970,Month-to-month,UPI,30,7,9,No
SYN-0435,43,60,3999,239940,Annual,UPI,34,0,9,No
SYN-0436,27,22,799,17578,Month-to-month,Card,99,6,5,No
SYN-0437,26,27,3999,107973,Month-to-month,Card,23,0,5,No
SYN-0438,58,58,3999,231942,Month-to-month,Card,63,5,2,No
SYN-0439,24,41,3999,163959,Quarterly,Card,80,1,10,No
SYN-0440,65,16,2499,39984,Annual,NetBanking,45,4,7,No
SYN-0441,33,21,3999,83979,Month-to-month,UPI,34,4,2,No
SYN-0442,41,10,799,7990,Quarterly,UPI,62,2,8,No
SYN-0443,50,35,2499,87465,Quarterly,UPI,62,3,5,No
SYN-0444,23,6,1299,7794,Month-to-month,NetBanking,95,4,10,Yes
SYN-0445,53,10,799,7990,Month-to-month,NetBanking,50,3,7,No
SYN-0446,56,17,1299,22083,Annual,Card,56,0,8,No
SYN-0447,21,7,3999,27993,Month-to-month,Card,22,1,2,Yes
SYN-0448,58,9,1299,11691,Annual,NetBanking,52,6,2,No
SYN-0449,62,59,799,47141,Quarterly,Card,13,0,4,Yes
SYN-0450,24,6,2499,14994,Month-to-month,Wallet,10,1,8,No
SYN-0451,64,53,3999,211947,Quarterly,Card,8,7,7,No
SYN-0452,49,23,1299,29877,Month-to-month,UPI,40,2,5,No
SYN-0453,56,40,1299,51960,Quarterly,UPI,68,4,7,No
SYN-0454,33,6,2499,14994,Annual,Card,22,6,7,Yes
SYN-0455,51,41,799,32759,Annual,Wallet,96,6,6,No
SYN-0456,22,23,2499,57477,Quarterly,Card,39,6,3,No
SYN-0457,43,2,2499,4998,Annual,Card,65,0,9,No
SYN-0458,38,11,799,8789,Annual,UPI,89,3,4,No
SYN-0459,32,49,1299,63651,Month-to-month,NetBanking,50,6,3,No
SYN-0460,57,52,2499,129948,Annual,Card,95,0,6,No
SYN-0461,32,37,1299,48063,Quarterly,UPI,74,7,5,No
SYN-0462,22,6,799,4794,Annual,Wallet,82,3,4,No
SYN-0463,66,1,2499,2499,Month-to-month,NetBanking,21,3,6,No
SYN-0464,28,4,799,3196,Annual,NetBanking,80,2,3,No
SYN-0465,42,5,2499,12495,Quarterly,NetBanking,80,6,2,Yes
SYN-0466,62,9,1299,11691,Quarterly,Card,86,6,8,No
SYN-0467,32,46,2499,114954,Quarterly,NetBanking,90,3,10,No
SYN-0468,65,47,2499,117453,Annual,Wallet,27,2,1,No
SYN-0469,60,55,799,43945,Month-to-month,UPI,82,2,6,No
SYN-0470,36,60,3999,239940,Quarterly,NetBanking,47,2,2,No
SYN-0471,37,11,799,8789,Month-to-month,Card,62,5,1,No
SYN-0472,67,45,799,35955,Month-to-month,UPI,37,5,2,No
SYN-0473,52,25,3999,99975,Quarterly,NetBanking,26,6,7,No
SYN-0474,62,35,3999,139965,Annual,Card,66,1,10,No
SYN-0475,22,11,3999,43989,Quarterly,NetBanking,9,1,5,No
SYN-0476,31,7,799,5593,Annual,UPI,26,5,7,Yes
SYN-0477,51,36,799,28764,Annual,UPI,81,5,10,No
SYN-0478,27,28,1299,36372,Quarterly,Card,25,6,1,No
SYN-0479,40,13,3999,51987,Month-to-month,UPI,89,4,5,No
SYN-0480,44,4,3999,15996,Month-to-month,Wallet,24,7,1,Yes
SYN-0481,22,6,2499,14994,Month-to-month,Card,30,7,2,Yes
SYN-0482,40,41,2499,102459,Quarterly,Wallet,65,1,2,No
SYN-0483,45,32,2499,79968,Month-to-month,NetBanking,87,1,9,No
SYN-0484,23,57,3999,227943,Quarterly,Wallet,28,5,8,No
SYN-0485,24,30,2499,74970,Month-to-month,UPI,39,3,10,No
SYN-0486,56,6,2499,14994,Month-to-month,Wallet,80,6,4,Yes
SYN-0487,51,53,3999,211947,Quarterly,UPI,78,7,4,No
SYN-0488,32,26,799,20774,Month-to-month,Card,20,2,8,No
SYN-0489,26,52,1299,67548,Annual,Wallet,10,2,7,No
SYN-0490,26,13,1299,16887,Quarterly,Wallet,45,4,2,No
SYN-0491,21,36,2499,89964,Annual,Wallet,71,4,8,No
SYN-0492,58,8,3999,31992,Annual,UPI,23,2,10,No
SYN-0493,43,60,799,47940,Quarterly,NetBanking,41,1,9,No
SYN-0494,38,25,3999,99975,Quarterly,Card,9,7,3,Yes
SYN-0495,65,40,3999,159960,Month-to-month,UPI,55,0,6,No
SYN-0496,42,48,3999,191952,Quarterly,NetBanking,52,4,1,No
SYN-0497,40,18,3999,71982,Annual,Wallet,34,1,3,No
SYN-0498,59,50,2499,124950,Annual,UPI,98,4,7,No
SYN-0499,54,13,3999,51987,Quarterly,UPI,57,3,8,No
SYN-0500,46,33,1299,42867,Month-to-month,UPI,44,1,9,No
SYN-0501,23,12,1299,15588,Quarterly,UPI,12,3,4,Yes
SYN-0502,50,59,2499,147441,Annual,Wallet,40,3,6,No
SYN-0503,52,41,799,32759,Annual,Wallet,35,0,6,No
SYN-0504,37,12,3999,47988,Annual,UPI,49,5,3,No
SYN-0505,57,19,799,15181,Month-to-month,Card,11,6,3,Yes
SYN-0506,53,42,1299,54558,Month-to-month,UPI,39,3,7,No
SYN-0507,35,31,1299,40269,Quarterly,NetBanking,81,2,1,No
SYN-0508,50,46,2499,114954,Quarterly,Card,53,6,6,No
SYN-0509,21,30,2499,74970,Annual,NetBanking,79,6,2,No
SYN-0510,51,36,2499,89964,Month-to-month,NetBanking,92,4,2,No
SYN-0511,33,18,2499,44982,Month-to-month,Card,38,4,5,No
SYN-0512,64,58,799,46342,Month-to-month,UPI,89,6,6,No
SYN-0513,46,42,3999,167958,Quarterly,UPI,38,4,7,No
SYN-0514,64,38,1299,49362,Annual,Wallet,97,5,4,No
SYN-0515,32,59,2499,147441,Quarterly,UPI,26,4,9,No
SYN-0516,32,31,1299,40269,Annual,NetBanking,97,4,9,No
SYN-0517,68,42,799,33558,Quarterly,Wallet,50,3,4,No
SYN-0518,39,51,2499,127449,Quarterly,UPI,38,5,10,No
SYN-0519,53,31,799,24769,Month-to-month,Wallet,65,1,4,No
SYN-0520,29,34,2499,84966,Month-to-month,NetBanking,11,6,3,Yes
SYN-0521,26,27,3999,107973,Quarterly,NetBanking,45,2,3,No
SYN-0522,21,41,1299,53259,Quarterly,NetBanking,86,5,1,No
SYN-0523,29,14,1299,18186,Annual,Wallet,67,2,2,No
SYN-0524,45,41,3999,163959,Month-to-month,UPI,59,6,8,No
SYN-0525,54,35,1299,45465,Month-to-month,UPI,6,5,6,No
SYN-0526,40,44,799,35156,Month-to-month,UPI,33,3,6,No
SYN-0527,40,25,2499,62475,Quarterly,Wallet,13,2,1,Yes
SYN-0528,42,47,2499,117453,Quarterly,NetBanking,92,6,3,No
SYN-0529,35,49,1299,63651,Month-to-month,Card,56,2,1,No
SYN-0530,66,14,799,11186,Annual,UPI,20,2,6,No
SYN-0531,63,25,2499,62475,Month-to-month,UPI,81,0,1,No
SYN-0532,28,4,799,3196,Annual,NetBanking,61,6,7,Yes
SYN-0533,40,31,1299,40269,Quarterly,UPI,93,3,1,No
SYN-0534,53,43,2499,107457,Annual,UPI,58,2,2,No
SYN-0535,59,19,799,15181,Month-to-month,NetBanking,68,1,4,No
SYN-0536,39,54,1299,70146,Month-to-month,UPI,95,5,7,No
SYN-0537,42,36,3999,143964,Month-to-month,UPI,93,3,8,No
SYN-0538,30,1,799,799,Month-to-month,UPI,78,1,8,No
SYN-0539,50,47,799,37553,Quarterly,NetBanking,87,4,4,No
SYN-0540,39,30,799,23970,Quarterly,NetBanking,27,1,1,No
SYN-0541,29,28,799,22372,Annual,Card,10,1,1,Yes
SYN-0542,67,22,2499,54978,Month-to-month,NetBanking,84,7,5,No
SYN-0543,46,53,2499,132447,Quarterly,NetBanking,19,2,7,No
SYN-0544,28,54,3999,215946,Month-to-month,UPI,58,7,3,No
SYN-0545,51,55,1299,71445,Annual,Wallet,58,1,10,No
SYN-0546,64,12,3999,47988,Annual,Card,83,5,1,No
SYN-0547,23,31,3999,123969,Month-to-month,NetBanking,57,1,8,No
SYN-0548,68,42,2499,104958,Annual,Card,95,0,9,No
SYN-0549,51,43,2499,107457,Quarterly,Wallet,60,1,4,No
SYN-0550,53,10,799,7990,Quarterly,Wallet,87,0,3,No
SYN-0551,36,56,1299,72744,Quarterly,NetBanking,67,1,6,No
SYN-0552,26,4,1299,5196,Quarterly,Wallet,56,6,4,Yes
SYN-0553,41,52,3999,207948,Month-to-month,Wallet,68,1,8,No
SYN-0554,23,48,799,38352,Annual,UPI,56,1,7,No
SYN-0555,34,53,799,42347,Annual,Wallet,70,4,9,No
SYN-0556,42,22,2499,54978,Annual,Wallet,33,0,8,No
SYN-0557,63,46,2499,114954,Month-to-month,UPI,19,7,2,Yes
SYN-0558,44,22,2499,54978,Annual,UPI,75,4,9,No
SYN-0559,27,3,1299,3897,Quarterly,Card,22,7,7,Yes
SYN-0560,33,13,799,10387,Annual,NetBanking,32,6,8,No
SYN-0561,28,7,3999,27993,Quarterly,Wallet,86,0,10,No
SYN-0562,68,43,1299,55857,Month-to-month,Wallet,5,7,9,No
SYN-0563,32,54,3999,215946,Annual,Card,93,2,10,No
SYN-0564,47,7,3999,27993,Annual,Card,69,5,7,Yes
SYN-0565,29,18,3999,71982,Month-to-month,Wallet,42,5,8,No
SYN-0566,61,39,2499,97461,Month-to-month,Card,96,5,9,No
SYN-0567,66,14,2499,34986,Annual,Card,91,5,3,No
SYN-0568,51,33,2499,82467,Annual,Wallet,50,1,9,No
SYN-0569,27,44,2499,109956,Month-to-month,Wallet,6,6,9,No
SYN-0570,31,10,799,7990,Quarterly,NetBanking,30,0,5,No
SYN-0571,23,10,799,7990,Quarterly,Wallet,31,4,9,No
SYN-0572,65,7,1299,9093,Quarterly,UPI,35,6,9,Yes
SYN-0573,56,60,3999,239940,Month-to-month,UPI,58,6,6,No
SYN-0574,35,48,2499,119952,Annual,NetBanking,84,3,8,No
SYN-0575,32,49,1299,63651,Annual,UPI,42,3,8,No
SYN-0576,48,12,1299,15588,Quarterly,NetBanking,53,1,1,No
SYN-0577,50,9,1299,11691,Annual,Card,5,4,6,No
SYN-0578,61,3,1299,3897,Annual,NetBanking,81,5,1,Yes
SYN-0579,54,32,2499,79968,Month-to-month,Card,95,1,6,No
SYN-0580,55,34,799,27166,Quarterly,UPI,58,2,9,No
SYN-0581,42,23,1299,29877,Quarterly,NetBanking,89,3,6,No
SYN-0582,49,14,3999,55986,Month-to-month,Card,19,0,6,No
SYN-0583,37,3,2499,7497,Annual,NetBanking,19,6,7,Yes
SYN-0584,39,2,2499,4998,Annual,Card,67,7,1,Yes
SYN-0585,55,21,799,16779,Month-to-month,UPI,26,1,9,No
SYN-0586,55,14,1299,18186,Annual,Wallet,18,6,4,Yes
SYN-0587,66,42,799,33558,Quarterly,UPI,8,2,8,No
SYN-0588,56,6,799,4794,Month-to-month,Card,27,0,5,No
SYN-0589,61,59,2499,147441,Quarterly,Wallet,54,6,8,No
SYN-0590,55,21,799,16779,Month-to-month,UPI,91,6,2,No
SYN-0591,27,49,799,39151,Quarterly,NetBanking,50,1,9,No
SYN-0592,46,39,799,31161,Annual,UPI,61,4,7,No
SYN-0593,55,31,1299,40269,Quarterly,Card,22,3,7,No
SYN-0594,30,20,2499,49980,Month-to-month,UPI,75,0,9,No
SYN-0595,68,1,3999,3999,Annual,NetBanking,44,1,4,No
SYN-0596,35,14,3999,55986,Annual,NetBanking,25,2,3,No
SYN-0597,24,13,799,10387,Annual,Wallet,90,2,10,No
SYN-0598,37,42,799,33558,Month-to-month,Card,90,4,2,No
SYN-0599,63,47,3999,187953,Annual,Card,50,5,3,No
SYN-0600,52,7,2499,17493,Quarterly,NetBanking,29,1,6,No
SYN-0601,44,40,2499,99960,Quarterly,Wallet,77,2,10,No
SYN-0602,66,11,799,8789,Annual,Wallet,36,5,4,No
SYN-0603,51,18,2499,44982,Quarterly,Wallet,91,2,6,No
SYN-0604,32,23,2499,57477,Annual,UPI,75,7,2,No
SYN-0605,37,54,2499,134946,Annual,UPI,73,2,4,No
SYN-0606,58,47,799,37553,Annual,Wallet,69,0,1,No
SYN-0607,55,50,1299,64950,Annual,Wallet,75,0,5,No
SYN-0608,58,42,1299,54558,Annual,NetBanking,55,5,4,No
SYN-0609,53,9,3999,35991,Month-to-month,Card,55,1,6,No
SYN-0610,32,55,1299,71445,Annual,Card,62,2,3,No
SYN-0611,52,48,3999,191952,Month-to-month,UPI,10,5,4,Yes
SYN-0612,54,17,2499,42483,Quarterly,Wallet,10,3,4,Yes
SYN-0613,27,31,3999,123969,Annual,NetBanking,10,0,6,No
SYN-0614,44,54,2499,134946,Annual,UPI,53,2,7,No
SYN-0615,46,34,2499,84966,Quarterly,NetBanking,33,6,9,No
SYN-0616,49,32,3999,127968,Month-to-month,Card,69,0,3,No
SYN-0617,31,5,2499,12495,Quarterly,UPI,24,3,3,Yes
SYN-0618,51,43,1299,55857,Annual,Wallet,47,6,2,No
SYN-0619,22,31,1299,40269,Month-to-month,UPI,87,2,7,No
SYN-0620,23,9,1299,11691,Annual,Card,85,2,9,No
SYN-0621,46,4,1299,5196,Annual,UPI,28,4,9,Yes
SYN-0622,59,57,2499,142443,Quarterly,Wallet,32,1,8,No
SYN-0623,58,11,1299,14289,Month-to-month,NetBanking,81,6,3,No
SYN-0624,25,11,2499,27489,Month-to-month,Wallet,81,7,10,No
SYN-0625,54,25,1299,32475,Annual,Wallet,7,1,4,Yes
SYN-0626,60,53,1299,68847,Annual,UPI,27,1,8,No
SYN-0627,59,57,799,45543,Annual,UPI,66,1,3,No
SYN-0628,65,58,3999,231942,Annual,Wallet,52,6,1,No
SYN-0629,68,15,3999,59985,Annual,UPI,49,6,10,No
SYN-0630,26,28,1299,36372,Quarterly,Wallet,66,4,4,No
SYN-0631,57,17,1299,22083,Annual,UPI,95,0,1,No
SYN-0632,65,34,799,27166,Quarterly,Wallet,88,6,4,No
SYN-0633,37,24,799,19176,Quarterly,Wallet,59,2,10,No
SYN-0634,34,37,2499,92463,Quarterly,Wallet,92,4,7,No
SYN-0635,57,12,2499,29988,Quarterly,Wallet,37,7,5,No
SYN-0636,49,48,1299,62352,Annual,Card,100,1,4,No
SYN-0637,60,7,1299,9093,Annual,UPI,48,6,9,Yes
SYN-0638,51,11,3999,43989,Annual,Wallet,16,0,3,Yes
SYN-0639,26,6,799,4794,Annual,UPI,33,4,6,Yes
SYN-0640,39,47,3999,187953,Annual,UPI,83,6,9,No
SYN-0641,33,50,1299,64950,Annual,NetBanking,61,7,1,No
SYN-0642,64,13,799,10387,Month-to-month,NetBanking,83,3,3,No
SYN-0643,46,16,799,12784,Quarterly,Wallet,16,2,5,No
SYN-0644,26,26,1299,33774,Annual,NetBanking,99,0,2,No
SYN-0645,59,47,2499,117453,Month-to-month,Wallet,40,5,4,No
SYN-0646,47,60,3999,239940,Annual,UPI,38,0,3,No
SYN-0647,53,36,799,28764,Quarterly,NetBanking,48,4,2,No
SYN-0648,36,45,3999,179955,Quarterly,Wallet,77,6,8,No
SYN-0649,37,44,3999,175956,Month-to-month,Wallet,66,0,2,No
SYN-0650,43,41,1299,53259,Annual,UPI,45,3,7,No
SYN-0651,46,45,2499,112455,Annual,NetBanking,41,3,2,No
SYN-0652,34,5,1299,6495,Annual,NetBanking,45,7,6,Yes
SYN-0653,36,12,1299,15588,Annual,Card,99,7,4,No
SYN-0654,36,56,2499,139944,Annual,NetBanking,34,3,4,No
SYN-0655,60,10,799,7990,Month-to-month,UPI,15,1,8,No
SYN-0656,52,55,3999,219945,Annual,NetBanking,84,5,6,No
SYN-0657,57,32,1299,41568,Month-to-month,UPI,55,4,4,No
SYN-0658,53,34,3999,135966,Quarterly,Wallet,74,7,1,No
SYN-0659,50,56,1299,72744,Quarterly,UPI,20,7,9,No
SYN-0660,41,1,1299,1299,Quarterly,NetBanking,79,6,2,Yes
SYN-0661,60,12,2499,29988,Quarterly,NetBanking,39,3,8,No
SYN-0662,65,12,3999,47988,Quarterly,NetBanking,31,6,7,No
SYN-0663,57,55,3999,219945,Month-to-month,Card,62,4,3,No
SYN-0664,48,53,799,42347,Quarterly,Card,35,4,9,No
SYN-0665,47,10,1299,12990,Quarterly,Card,6,7,3,Yes
SYN-0666,56,58,2499,144942,Annual,UPI,43,7,5,No
SYN-0667,37,26,799,20774,Quarterly,UPI,12,2,4,Yes
SYN-0668,56,29,2499,72471,Annual,NetBanking,51,4,6,No
SYN-0669,64,23,799,18377,Annual,Card,20,6,6,No
SYN-0670,64,37,1299,48063,Annual,Wallet,50,4,6,No
SYN-0671,39,50,3999,199950,Quarterly,Card,53,1,10,No
SYN-0672,57,56,1299,72744,Quarterly,UPI,58,5,10,No
SYN-0673,41,6,1299,7794,Annual,NetBanking,34,5,6,Yes
SYN-0674,44,46,2499,114954,Annual,Wallet,39,6,8,No
SYN-0675,67,27,1299,35073,Month-to-month,NetBanking,7,2,3,Yes
SYN-0676,27,48,799,38352,Month-to-month,UPI,26,3,7,No
SYN-0677,54,60,3999,239940,Month-to-month,UPI,8,0,7,No
SYN-0678,40,17,1299,22083,Month-to-month,Card,88,1,7,No
SYN-0679,29,48,2499,119952,Annual,Card,85,7,3,No
SYN-0680,50,2,799,1598,Annual,NetBanking,46,5,8,Yes
SYN-0681,32,36,3999,143964,Annual,Wallet,94,2,9,No
SYN-0682,55,41,3999,163959,Month-to-month,UPI,49,4,8,No
SYN-0683,30,29,2499,72471,Quarterly,UPI,57,5,5,No
SYN-0684,55,1,1299,1299,Month-to-month,Wallet,41,5,8,Yes
SYN-0685,39,49,3999,195951,Annual,Card,6,4,7,No
SYN-0686,56,51,799,40749,Quarterly,Wallet,29,5,7,No
SYN-0687,37,16,1299,20784,Month-to-month,Wallet,53,6,4,No
SYN-0688,38,41,1299,53259,Quarterly,Card,41,4,9,No
SYN-0689,28,55,799,43945,Annual,Wallet,22,2,5,No
SYN-0690,52,40,3999,159960,Month-to-month,NetBanking,94,4,10,No
SYN-0691,32,2,1299,2598,Month-to-month,NetBanking,73,0,1,No
SYN-0692,35,18,1299,23382,Month-to-month,Card,98,7,1,No
SYN-0693,40,1,3999,3999,Quarterly,NetBanking,48,3,7,No
SYN-0694,24,30,799,23970,Quarterly,Wallet,15,5,3,Yes
SYN-0695,45,5,3999,19995,Month-to-month,UPI,29,2,5,No
SYN-0696,68,50,1299,64950,Month-to-month,Card,61,6,4,No
SYN-0697,64,30,799,23970,Quarterly,NetBanking,65,3,7,No
SYN-0698,61,11,799,8789,Quarterly,Card,37,1,8,No
SYN-0699,61,24,799,19176,Quarterly,NetBanking,19,3,4,Yes
SYN-0700,46,1,1299,1299,Month-to-month,UPI,79,4,2,Yes
SYN-0701,36,3,3999,11997,Month-to-month,Wallet,52,2,2,No
SYN-0702,62,6,2499,14994,Month-to-month,UPI,12,0,6,No
SYN-0703,62,9,3999,35991,Quarterly,Wallet,45,3,9,No
SYN-0704,43,47,1299,61053,Annual,Card,93,0,7,No
SYN-0705,56,17,799,13583,Quarterly,Wallet,95,7,8,No
SYN-0706,38,13,1299,16887,Annual,Card,46,5,8,No
SYN-0707,55,5,1299,6495,Quarterly,Wallet,42,7,5,Yes
SYN-0708,44,1,3999,3999,Annual,Card,7,2,10,No
SYN-0709,64,21,799,16779,Quarterly,Card,29,6,9,No
SYN-0710,28,40,2499,99960,Month-to-month,UPI,57,5,6,No
SYN-0711,27,3,1299,3897,Quarterly,Card,9,2,4,Yes
SYN-0712,54,7,799,5593,Annual,NetBanking,89,6,8,Yes
SYN-0713,21,4,2499,9996,Month-to-month,Wallet,82,3,2,No
SYN-0714,44,60,799,47940,Annual,Wallet,86,7,1,No
SYN-0715,54,53,2499,132447,Month-to-month,UPI,83,0,5,No
SYN-0716,27,54,2499,134946,Month-to-month,Card,32,1,9,No
SYN-0717,63,35,3999,139965,Month-to-month,Card,29,3,9,No
SYN-0718,43,36,3999,143964,Annual,Wallet,86,1,10,No
SYN-0719,56,45,3999,179955,Quarterly,NetBanking,26,1,3,No
SYN-0720,56,43,1299,55857,Quarterly,NetBanking,50,7,6,No
SYN-0721,57,27,3999,107973,Annual,Card,82,5,4,No
SYN-0722,46,25,2499,62475,Month-to-month,UPI,62,5,8,No
SYN-0723,40,19,799,15181,Month-to-month,Card,43,2,1,No
SYN-0724,56,55,2499,137445,Annual,Card,93,0,5,No
SYN-0725,29,7,799,5593,Quarterly,NetBanking,50,7,3,Yes
SYN-0726,26,57,1299,74043,Annual,Wallet,37,3,5,No
SYN-0727,51,37,1299,48063,Month-to-month,Wallet,97,1,6,No
SYN-0728,45,53,799,42347,Month-to-month,UPI,9,4,10,No
SYN-0729,28,59,2499,147441,Month-to-month,UPI,60,5,7,No
SYN-0730,23,41,3999,163959,Quarterly,Card,44,0,9,No
SYN-0731,49,21,1299,27279,Annual,UPI,11,2,7,No
SYN-0732,29,15,3999,59985,Quarterly,UPI,55,4,3,No
SYN-0733,46,31,799,24769,Annual,Wallet,38,6,2,No
SYN-0734,33,50,1299,64950,Quarterly,Wallet,66,2,9,No
SYN-0735,38,42,1299,54558,Quarterly,NetBanking,36,3,2,No
SYN-0736,48,44,799,35156,Quarterly,NetBanking,90,1,7,No
SYN-0737,40,13,2499,32487,Month-to-month,NetBanking,81,5,1,No
SYN-0738,35,40,3999,159960,Month-to-month,NetBanking,61,2,1,No
SYN-0739,36,10,799,7990,Annual,Card,99,1,1,No
SYN-0740,40,56,2499,139944,Quarterly,Wallet,48,0,2,No
SYN-0741,34,2,2499,4998,Month-to-month,NetBanking,99,3,9,No
SYN-0742,45,36,3999,143964,Annual,UPI,93,2,1,No
SYN-0743,65,17,1299,22083,Annual,NetBanking,41,0,4,No
SYN-0744,63,4,3999,15996,Quarterly,NetBanking,13,0,7,No
SYN-0745,35,56,799,44744,Quarterly,UPI,42,0,7,No
SYN-0746,26,58,2499,144942,Month-to-month,Card,81,7,9,No
SYN-0747,54,33,3999,131967,Quarterly,NetBanking,10,0,4,Yes
SYN-0748,64,32,3999,127968,Quarterly,NetBanking,7,2,6,No
SYN-0749,24,41,2499,102459,Annual,NetBanking,69,3,5,No
SYN-0750,35,57,3999,227943,Month-to-month,NetBanking,76,0,5,No
SYN-0751,54,58,3999,231942,Annual,Card,16,2,7,No
SYN-0752,59,27,1299,35073,Quarterly,Wallet,59,2,5,No
SYN-0753,58,35,1299,45465,Annual,Card,88,3,3,No
SYN-0754,29,56,1299,72744,Quarterly,Card,93,4,9,No
SYN-0755,55,42,1299,54558,Annual,UPI,13,5,9,No
SYN-0756,41,12,2499,29988,Quarterly,Wallet,98,2,1,No
SYN-0757,27,20,3999,79980,Month-to-month,Card,24,4,4,Yes
SYN-0758,35,2,2499,4998,Annual,UPI,81,3,4,No
SYN-0759,59,23,799,18377,Quarterly,NetBanking,22,7,9,No
SYN-0760,31,12,3999,47988,Month-to-month,Card,65,7,3,No
SYN-0761,35,3,3999,11997,Annual,Card,39,0,7,No
SYN-0762,60,49,1299,63651,Quarterly,NetBanking,27,1,8,No
SYN-0763,23,56,3999,223944,Annual,Wallet,59,3,7,No
SYN-0764,59,47,2499,117453,Annual,UPI,83,6,10,No
SYN-0765,36,34,799,27166,Annual,Wallet,63,7,1,No
SYN-0766,33,48,799,38352,Quarterly,Wallet,71,6,1,No
SYN-0767,48,26,2499,64974,Quarterly,UPI,64,4,3,No
SYN-0768,26,45,1299,58455,Annual,UPI,87,7,8,No
SYN-0769,49,12,1299,15588,Month-to-month,Card,57,6,6,No
SYN-0770,41,30,1299,38970,Annual,Card,16,7,5,No
SYN-0771,61,46,799,36754,Quarterly,UPI,19,1,8,No
SYN-0772,45,34,3999,135966,Month-to-month,Card,53,2,9,No
SYN-0773,32,59,2499,147441,Annual,UPI,25,2,3,No
SYN-0774,39,27,2499,67473,Annual,Card,98,4,8,No
SYN-0775,37,8,1299,10392,Month-to-month,Wallet,5,3,10,No
SYN-0776,36,32,3999,127968,Month-to-month,Wallet,82,0,8,No
SYN-0777,59,30,3999,119970,Month-to-month,Card,15,7,10,No
SYN-0778,30,57,2499,142443,Month-to-month,NetBanking,11,3,3,Yes
SYN-0779,59,3,1299,3897,Quarterly,NetBanking,90,0,10,No
SYN-0780,32,59,799,47141,Month-to-month,NetBanking,18,0,7,No
SYN-0781,44,40,1299,51960,Month-to-month,UPI,100,7,10,No
SYN-0782,25,50,2499,124950,Quarterly,UPI,52,5,7,No
SYN-0783,42,19,3999,75981,Annual,Wallet,20,2,5,No
SYN-0784,27,34,1299,44166,Annual,UPI,83,3,1,No
SYN-0785,37,31,2499,77469,Annual,NetBanking,82,6,6,No
SYN-0786,52,60,1299,77940,Month-to-month,Card,71,7,8,No
SYN-0787,22,46,2499,114954,Quarterly,UPI,5,3,2,Yes
SYN-0788,42,48,1299,62352,Quarterly,Card,57,6,1,No
SYN-0789,40,1,1299,1299,Quarterly,NetBanking,37,4,2,Yes
SYN-0790,42,50,799,39950,Quarterly,UPI,92,1,6,No
SYN-0791,64,54,1299,70146,Quarterly,Wallet,47,3,6,No
SYN-0792,61,52,799,41548,Quarterly,NetBanking,66,2,3,No
SYN-0793,57,30,3999,119970,Annual,NetBanking,71,0,5,No
SYN-0794,43,36,799,28764,Month-to-month,Card,78,3,6,No
SYN-0795,31,18,799,14382,Annual,Wallet,53,5,9,No
SYN-0796,66,12,799,9588,Month-to-month,NetBanking,95,4,6,No
SYN-0797,49,27,799,21573,Quarterly,Card,35,7,6,No
SYN-0798,23,34,2499,84966,Month-to-month,UPI,19,2,6,No
SYN-0799,33,29,799,23171,Quarterly,Wallet,69,7,3,No
SYN-0800,54,47,2499,117453,Annual,Card,23,5,2,Yes
SYN-0801,28,14,799,11186,Month-to-month,NetBanking,54,7,9,No
SYN-0802,23,60,799,47940,Month-to-month,NetBanking,47,1,8,No
SYN-0803,33,2,2499,4998,Quarterly,NetBanking,46,3,4,No
SYN-0804,38,35,2499,87465,Month-to-month,Card,90,7,2,No
SYN-0805,53,18,799,14382,Month-to-month,Card,84,0,9,No
SYN-0806,66,35,2499,87465,Quarterly,Card,39,5,3,No
SYN-0807,55,11,799,8789,Quarterly,UPI,83,4,6,No
SYN-0808,27,9,799,7191,Quarterly,UPI,91,7,1,No
SYN-0809,58,6,3999,23994,Annual,Wallet,27,6,10,Yes
SYN-0810,66,40,2499,99960,Annual,UPI,47,4,4,No
SYN-0811,27,60,3999,239940,Quarterly,NetBanking,16,2,8,No
SYN-0812,30,44,3999,175956,Annual,NetBanking,34,7,4,No
SYN-0813,41,59,2499,147441,Quarterly,Wallet,28,6,6,No
SYN-0814,51,2,799,1598,Quarterly,Card,19,7,6,Yes
SYN-0815,46,19,2499,47481,Annual,UPI,70,2,2,No
SYN-0816,46,21,799,16779,Annual,Wallet,73,4,8,No
SYN-0817,25,16,1299,20784,Quarterly,Card,66,2,7,No
SYN-0818,55,53,3999,211947,Annual,Card,77,6,6,No
SYN-0819,59,12,799,9588,Quarterly,NetBanking,19,7,10,No
SYN-0820,46,36,799,28764,Month-to-month,UPI,27,7,5,No
SYN-0821,26,44,3999,175956,Month-to-month,Card,68,5,1,No
SYN-0822,49,57,799,45543,Annual,NetBanking,89,2,3,No
SYN-0823,40,25,3999,99975,Annual,NetBanking,31,3,6,No
SYN-0824,21,59,3999,235941,Annual,Wallet,16,5,10,No
SYN-0825,56,55,1299,71445,Month-to-month,UPI,12,4,6,No
SYN-0826,36,46,2499,114954,Quarterly,Wallet,41,1,1,No
SYN-0827,48,41,2499,102459,Annual,Card,56,6,7,No
SYN-0828,56,43,1299,55857,Quarterly,NetBanking,22,7,4,Yes
SYN-0829,29,54,3999,215946,Month-to-month,UPI,41,2,3,No
SYN-0830,63,42,799,33558,Quarterly,Card,97,2,8,No
SYN-0831,48,6,1299,7794,Annual,Card,63,6,10,Yes
SYN-0832,35,30,3999,119970,Month-to-month,Wallet,54,7,6,No
SYN-0833,66,39,799,31161,Annual,NetBanking,98,7,4,No
SYN-0834,51,27,2499,67473,Annual,NetBanking,9,0,10,No
SYN-0835,38,8,3999,31992,Quarterly,UPI,23,1,9,No
SYN-0836,64,34,799,27166,Annual,NetBanking,65,3,2,No
SYN-0837,51,40,799,31960,Quarterly,Wallet,73,5,1,No
SYN-0838,39,37,2499,92463,Month-to-month,UPI,50,6,5,No
SYN-0839,58,45,2499,112455,Month-to-month,UPI,12,4,8,No
SYN-0840,26,43,2499,107457,Month-to-month,UPI,41,0,8,No
SYN-0841,38,55,2499,137445,Quarterly,NetBanking,21,4,10,No
SYN-0842,63,1,799,799,Quarterly,NetBanking,80,2,3,No
SYN-0843,52,52,1299,67548,Month-to-month,UPI,94,4,4,No
SYN-0844,52,22,799,17578,Quarterly,Wallet,81,2,3,No
SYN-0845,67,16,3999,63984,Quarterly,UPI,31,2,10,No
SYN-0846,50,42,2499,104958,Quarterly,Wallet,11,1,3,Yes
SYN-0847,51,20,3999,79980,Quarterly,Card,53,3,7,No
SYN-0848,45,34,3999,135966,Annual,NetBanking,41,0,8,No
SYN-0849,48,34,799,27166,Annual,NetBanking,73,1,6,No
SYN-0850,62,22,2499,54978,Annual,Wallet,17,4,5,No
SYN-0851,64,30,1299,38970,Annual,Card,71,3,6,No
SYN-0852,47,21,799,16779,Month-to-month,UPI,13,0,1,Yes
SYN-0853,37,44,3999,175956,Month-to-month,UPI,33,5,5,No
SYN-0854,59,2,799,1598,Annual,UPI,81,0,4,No
SYN-0855,45,46,799,36754,Annual,Card,82,1,3,No
SYN-0856,50,58,799,46342,Annual,UPI,37,2,5,No
SYN-0857,37,41,3999,163959,Month-to-month,UPI,59,4,6,No
SYN-0858,24,18,799,14382,Quarterly,NetBanking,54,6,6,No
SYN-0859,60,12,3999,47988,Quarterly,Card,67,1,4,No
SYN-0860,48,42,3999,167958,Month-to-month,UPI,23,1,9,No
SYN-0861,25,59,3999,235941,Month-to-month,NetBanking,18,4,1,Yes
SYN-0862,62,50,3999,199950,Annual,UPI,68,0,3,No
SYN-0863,65,60,799,47940,Quarterly,Wallet,39,6,3,No
SYN-0864,46,37,799,29563,Annual,UPI,66,7,7,No
SYN-0865,28,35,1299,45465,Annual,NetBanking,54,0,8,No
SYN-0866,44,22,2499,54978,Annual,NetBanking,12,6,2,Yes
SYN-0867,32,6,3999,23994,Annual,UPI,87,4,4,Yes
SYN-0868,27,25,1299,32475,Annual,NetBanking,94,4,7,No
SYN-0869,29,32,799,25568,Month-to-month,Card,99,7,4,No
SYN-0870,55,2,1299,2598,Annual,NetBanking,54,7,2,Yes
SYN-0871,24,32,3999,127968,Quarterly,UPI,9,0,6,No
SYN-0872,50,26,799,20774,Annual,Card,88,3,9,No
SYN-0873,52,48,1299,62352,Annual,UPI,9,1,3,Yes
SYN-0874,21,31,799,24769,Month-to-month,UPI,94,3,3,No
SYN-0875,31,58,2499,144942,Annual,UPI,63,1,10,No
SYN-0876,60,53,799,42347,Month-to-month,UPI,68,1,10,No
SYN-0877,41,52,1299,67548,Month-to-month,Card,48,6,7,No
SYN-0878,42,21,1299,27279,Month-to-month,UPI,80,0,3,No
SYN-0879,56,18,1299,23382,Month-to-month,Wallet,26,6,6,No
SYN-0880,45,16,799,12784,Month-to-month,UPI,17,2,10,No
SYN-0881,32,57,3999,227943,Month-to-month,NetBanking,5,1,1,Yes
SYN-0882,61,27,3999,107973,Quarterly,Wallet,31,2,3,No
SYN-0883,59,27,1299,35073,Month-to-month,Wallet,83,2,1,No
SYN-0884,21,40,799,31960,Annual,Card,49,4,7,No
SYN-0885,55,13,799,10387,Annual,Card,84,1,6,No
SYN-0886,28,30,1299,38970,Month-to-month,Wallet,11,4,4,Yes
SYN-0887,24,32,1299,41568,Annual,NetBanking,90,2,1,No
SYN-0888,60,19,1299,24681,Quarterly,UPI,37,6,6,No
SYN-0889,52,7,799,5593,Annual,UPI,25,2,1,No
SYN-0890,41,5,1299,6495,Quarterly,Card,80,7,10,Yes
SYN-0891,35,48,2499,119952,Month-to-month,Card,19,3,6,No
SYN-0892,25,48,3999,191952,Quarterly,Wallet,53,3,4,No
SYN-0893,50,4,3999,15996,Month-to-month,Wallet,32,2,10,No
SYN-0894,61,24,1299,31176,Quarterly,NetBanking,97,7,4,No
SYN-0895,24,13,2499,32487,Quarterly,Card,9,2,10,No
SYN-0896,42,8,3999,31992,Month-to-month,NetBanking,58,7,3,No
SYN-0897,35,39,1299,50661,Month-to-month,Wallet,78,2,9,No
SYN-0898,50,55,3999,219945,Quarterly,UPI,80,3,8,No
SYN-0899,48,47,3999,187953,Annual,Card,36,3,6,No
SYN-0900,23,58,1299,75342,Quarterly,UPI,58,0,1,No
SYN-0901,49,28,3999,111972,Quarterly,Card,94,7,2,No
SYN-0902,43,6,799,4794,Quarterly,Card,32,6,3,Yes
SYN-0903,31,42,799,33558,Annual,Wallet,66,0,5,No
SYN-0904,66,55,799,43945,Quarterly,Card,64,7,3,No
SYN-0905,61,51,2499,127449,Month-to-month,Wallet,95,7,1,No
SYN-0906,38,58,2499,144942,Annual,Card,42,0,7,No
SYN-0907,53,51,799,40749,Annual,NetBanking,99,5,1,No
SYN-0908,50,57,799,45543,Annual,UPI,54,1,6,No
SYN-0909,66,24,2499,59976,Month-to-month,Card,87,2,9,No
SYN-0910,62,9,2499,22491,Quarterly,Card,74,3,2,No
SYN-0911,53,49,1299,63651,Annual,Wallet,50,5,5,No
SYN-0912,49,18,799,14382,Quarterly,UPI,52,1,6,No
SYN-0913,64,31,2499,77469,Annual,UPI,84,7,6,No
SYN-0914,32,13,3999,51987,Quarterly,UPI,15,1,7,No
SYN-0915,52,7,1299,9093,Month-to-month,Card,19,4,3,Yes
SYN-0916,29,34,799,27166,Quarterly,NetBanking,58,4,9,No
SYN-0917,25,27,3999,107973,Month-to-month,Card,42,0,4,No
SYN-0918,62,54,2499,134946,Annual,NetBanking,79,6,6,No
SYN-0919,29,32,3999,127968,Quarterly,Card,43,7,10,No
SYN-0920,39,51,2499,127449,Month-to-month,Card,66,3,6,No
SYN-0921,31,23,2499,57477,Annual,NetBanking,26,7,10,No
SYN-0922,28,12,1299,15588,Month-to-month,NetBanking,25,2,4,No
SYN-0923,32,37,1299,48063,Month-to-month,UPI,38,7,6,No
SYN-0924,49,43,2499,107457,Annual,Card,23,5,6,No
SYN-0925,52,35,2499,87465,Month-to-month,Wallet,8,1,7,No
SYN-0926,53,60,2499,149940,Quarterly,NetBanking,5,2,9,No
SYN-0927,42,31,2499,77469,Annual,UPI,77,2,8,No
SYN-0928,28,47,3999,187953,Quarterly,UPI,22,0,9,No
SYN-0929,41,26,1299,33774,Month-to-month,Card,50,7,2,No
SYN-0930,26,38,1299,49362,Annual,Wallet,30,4,1,No
SYN-0931,41,44,799,35156,Annual,UPI,29,6,8,No
SYN-0932,44,59,2499,147441,Quarterly,NetBanking,23,6,7,No
SYN-0933,49,1,2499,2499,Annual,UPI,49,5,5,Yes
SYN-0934,31,14,3999,55986,Annual,Wallet,61,6,5,No
SYN-0935,26,47,3999,187953,Month-to-month,Card,80,2,10,No
SYN-0936,45,20,3999,79980,Month-to-month,UPI,13,5,10,No
SYN-0937,50,27,2499,67473,Annual,Card,27,6,9,No
SYN-0938,52,13,1299,16887,Month-to-month,NetBanking,42,6,9,No
SYN-0939,35,54,2499,134946,Month-to-month,UPI,76,7,8,No
SYN-0940,28,10,2499,24990,Annual,NetBanking,86,4,8,No
SYN-0941,22,27,1299,35073,Month-to-month,NetBanking,93,7,4,No
SYN-0942,57,32,799,25568,Quarterly,NetBanking,79,5,8,No
SYN-0943,67,41,3999,163959,Annual,UPI,52,1,9,No
SYN-0944,30,55,2499,137445,Quarterly,Wallet,79,2,1,No
SYN-0945,38,57,1299,74043,Quarterly,Wallet,25,5,1,No
SYN-0946,54,41,2499,102459,Annual,UPI,42,0,5,No
SYN-0947,31,33,1299,42867,Annual,NetBanking,17,2,10,No
SYN-0948,27,56,2499,139944,Annual,NetBanking,39,4,6,No
SYN-0949,39,53,1299,68847,Quarterly,Wallet,22,0,9,No
SYN-0950,30,27,2499,67473,Annual,Card,18,2,4,Yes
SYN-0951,25,54,1299,70146,Month-to-month,Card,58,1,8,No
SYN-0952,65,60,799,47940,Quarterly,Card,49,7,5,No
SYN-0953,22,53,3999,211947,Annual,UPI,27,5,5,No
SYN-0954,40,15,1299,19485,Month-to-month,Card,93,2,4,No
SYN-0955,25,9,799,7191,Month-to-month,Wallet,93,6,2,No
SYN-0956,23,49,3999,195951,Annual,UPI,30,0,2,No
SYN-0957,40,31,799,24769,Annual,UPI,10,4,2,Yes
SYN-0958,58,49,799,39151,Month-to-month,Card,82,1,4,No
SYN-0959,68,43,2499,107457,Quarterly,NetBanking,16,0,3,Yes
SYN-0960,25,23,1299,29877,Month-to-month,UPI,69,3,10,No
SYN-0961,55,34,1299,44166,Month-to-month,UPI,41,3,3,No
SYN-0962,32,60,1299,77940,Quarterly,UPI,51,7,10,No
SYN-0963,53,12,2499,29988,Month-to-month,Wallet,59,6,4,No
SYN-0964,54,8,2499,19992,Month-to-month,Wallet,64,1,2,No
SYN-0965,26,49,2499,122451,Quarterly,Wallet,76,4,1,No
SYN-0966,68,8,3999,31992,Quarterly,Wallet,63,4,10,No
SYN-0967,25,15,3999,59985,Quarterly,NetBanking,59,4,4,No
SYN-0968,46,12,799,9588,Quarterly,UPI,91,7,2,No
SYN-0969,27,8,1299,10392,Annual,Card,56,6,10,No
SYN-0970,59,5,2499,12495,Quarterly,UPI,48,3,4,No
SYN-0971,58,15,3999,59985,Quarterly,Wallet,40,7,10,No
SYN-0972,38,23,3999,91977,Month-to-month,Wallet,67,6,9,No
SYN-0973,35,7,799,5593,Annual,Card,67,4,8,Yes
SYN-0974,64,2,799,1598,Month-to-month,Card,13,0,8,No
SYN-0975,60,25,2499,62475,Month-to-month,UPI,43,2,10,No
SYN-0976,63,43,3999,171957,Quarterly,Wallet,30,7,5,No
SYN-0977,22,33,2499,82467,Month-to-month,Wallet,74,5,9,No
SYN-0978,45,57,799,45543,Quarterly,Wallet,62,6,6,No
SYN-0979,66,3,799,2397,Month-to-month,Wallet,76,2,5,No
SYN-0980,52,28,1299,36372,Month-to-month,Wallet,96,4,7,No
SYN-0981,53,43,3999,171957,Month-to-month,Wallet,76,7,3,No
SYN-0982,39,17,3999,67983,Quarterly,UPI,83,6,6,No
SYN-0983,68,2,799,1598,Annual,UPI,51,2,6,No
SYN-0984,43,49,2499,122451,Quarterly,Wallet,17,6,7,No
SYN-0985,62,23,799,18377,Quarterly,UPI,36,3,4,No
SYN-0986,31,59,799,47141,Month-to-month,NetBanking,19,4,6,No
SYN-0987,47,3,3999,11997,Quarterly,UPI,77,6,9,Yes
SYN-0988,57,45,3999,179955,Quarterly,NetBanking,45,0,7,No
SYN-0989,42,37,799,29563,Quarterly,NetBanking,17,7,4,Yes
SYN-0990,52,11,2499,27489,Annual,UPI,60,5,4,No
SYN-0991,40,54,1299,70146,Annual,Wallet,38,4,1,No
SYN-0992,27,52,1299,67548,Annual,NetBanking,96,1,10,No
SYN-0993,43,18,799,14382,Month-to-month,NetBanking,59,7,4,No
SYN-0994,41,33,2499,82467,Month-to-month,Wallet,89,6,9,No
SYN-0995,32,26,2499,64974,Month-to-month,Card,90,7,9,No
SYN-0996,38,37,3999,147963,Annual,Wallet,89,3,8,No
SYN-0997,30,60,799,47940,Month-to-month,Card,51,3,8,No
SYN-0998,25,48,2499,119952,Annual,Card,57,6,6,No
SYN-0999,37,55,3999,219945,Annual,Card,41,4,3,No
SYN-1000,22,26,1299,33774,Month-to-month,NetBanking,24,1,4,Yes
SYN-0100,39,41,3999,163959,Quarterly,Wallet,6,1,10,No
